{
  "model_name": "emotion_classifier",
  "dataset": "simulated",
  "cv_method": "train_test_split_80_20",
  "accuracy": 0.8611111111111112,
  "f1_macro": 0.860515873015873,
  "per_class": {
    "happy": {
      "precision": 1.0,
      "recall": 1.0,
      "f1": 1.0,
      "support": 30.0
    },
    "sad": {
      "precision": 1.0,
      "recall": 1.0,
      "f1": 1.0,
      "support": 30.0
    },
    "angry": {
      "precision": 0.6153846153846154,
      "recall": 0.5333333333333333,
      "f1": 0.5714285714285714,
      "support": 30.0
    },
    "fearful": {
      "precision": 0.5882352941176471,
      "recall": 0.6666666666666666,
      "f1": 0.625,
      "support": 30.0
    },
    "relaxed": {
      "precision": 1.0,
      "recall": 1.0,
      "f1": 1.0,
      "support": 30.0
    },
    "focused": {
      "precision": 0.9666666666666667,
      "recall": 0.9666666666666667,
      "f1": 0.9666666666666667,
      "support": 30.0
    }
  },
  "confusion_matrix": [
    [
      30,
      0,
      0,
      0,
      0,
      0
    ],
    [
      0,
      30,
      0,
      0,
      0,
      0
    ],
    [
      0,
      0,
      16,
      14,
      0,
      0
    ],
    [
      0,
      0,
      9,
      20,
      0,
      1
    ],
    [
      0,
      0,
      0,
      0,
      30,
      0
    ],
    [
      0,
      0,
      1,
      0,
      0,
      29
    ]
  ],
  "accuracy_ci_95": [
    0.8030072981112379,
    0.9041231881334424
  ],
  "chance_level": 0.16666666666666666,
  "accuracy_p_value_vs_chance": 7.132121937762881e-93,
  "cohen_kappa": 0.8333333333333334,
  "f1_macro_ci_95": [
    0.8125210441654174,
    0.9017699466766631
  ]
}