{
  "accuracy": 0.4534011443102352,
  "classifier": "LightGBM",
  "n_features": 41,
  "multichannel": true,
  "per_class": {
    "happy": {
      "precision": 0.46931894807821983,
      "recall": 0.435,
      "f1-score": 0.4515082711644502,
      "support": 1600.0
    },
    "sad": {
      "precision": 0.4707395498392283,
      "recall": 0.48316831683168315,
      "f1-score": 0.47687296416938113,
      "support": 1515.0
    },
    "angry": {
      "precision": 0.45023696682464454,
      "recall": 0.45346062052505964,
      "f1-score": 0.4518430439952438,
      "support": 838.0
    },
    "fearful": {
      "precision": 0.4901828029790115,
      "recall": 0.4530663329161452,
      "f1-score": 0.4708943089430894,
      "support": 1598.0
    },
    "relaxed": {
      "precision": 0.4125105663567202,
      "recall": 0.5,
      "f1-score": 0.4520611394163965,
      "support": 976.0
    },
    "focused": {
      "precision": 0.4126984126984127,
      "recall": 0.4080717488789238,
      "f1-score": 0.41037204058624577,
      "support": 1338.0
    },
    "macro avg": {
      "precision": 0.4509478744627062,
      "recall": 0.4554611698586353,
      "f1-score": 0.45225862804580114,
      "support": 7865.0
    },
    "weighted avg": {
      "precision": 0.4551166206288278,
      "recall": 0.4534011443102352,
      "f1-score": 0.4534391371282395,
      "support": 7865.0
    }
  }
}