{
  "accuracy": 0.45594405594405596,
  "classifier": "LightGBM",
  "n_features": 41,
  "multichannel": true,
  "per_class": {
    "happy": {
      "precision": 0.4863013698630137,
      "recall": 0.44375,
      "f1-score": 0.46405228758169936,
      "support": 1600.0
    },
    "sad": {
      "precision": 0.4691823899371069,
      "recall": 0.4924092409240924,
      "f1-score": 0.48051529790660225,
      "support": 1515.0
    },
    "angry": {
      "precision": 0.4537914691943128,
      "recall": 0.45704057279236276,
      "f1-score": 0.45541022592152197,
      "support": 838.0
    },
    "fearful": {
      "precision": 0.49195710455764075,
      "recall": 0.4593241551939925,
      "f1-score": 0.47508090614886733,
      "support": 1598.0
    },
    "relaxed": {
      "precision": 0.40321217244294166,
      "recall": 0.4887295081967213,
      "f1-score": 0.44187123668364986,
      "support": 976.0
    },
    "focused": {
      "precision": 0.41358024691358025,
      "recall": 0.40059790732436473,
      "f1-score": 0.4069855732725892,
      "support": 1338.0
    },
    "macro avg": {
      "precision": 0.45300412548476604,
      "recall": 0.456975230738589,
      "f1-score": 0.4539859212524883,
      "support": 7865.0
    },
    "weighted avg": {
      "precision": 0.4580068235827291,
      "recall": 0.45594405594405596,
      "f1-score": 0.4560826977557932,
      "support": 7865.0
    }
  }
}