{
  "model_name": "emotion_classifier",
  "dataset": "dens+deap-combined",
  "accuracy": 0.4095238095238095,
  "f1_macro": 0.315632933663609,
  "per_class": {
    "happy": {
      "precision": 0.45,
      "recall": 0.5294117647058824,
      "f1": 0.4864864864864865,
      "support": 17.0
    },
    "sad": {
      "precision": 0.49710982658959535,
      "recall": 0.6666666666666666,
      "f1": 0.5695364238410596,
      "support": 129.0
    },
    "angry": {
      "precision": 0.38461538461538464,
      "recall": 0.2542372881355932,
      "f1": 0.30612244897959184,
      "support": 59.0
    },
    "fearful": {
      "precision": 0.1724137931034483,
      "recall": 0.22727272727272727,
      "f1": 0.19607843137254902,
      "support": 22.0
    },
    "relaxed": {
      "precision": 0.3157894736842105,
      "recall": 0.18461538461538463,
      "f1": 0.23300970873786409,
      "support": 65.0
    },
    "focused": {
      "precision": 0.125,
      "recall": 0.08695652173913043,
      "f1": 0.10256410256410256,
      "support": 23.0
    }
  },
  "confusion_matrix": [
    [
      9,
      1,
      3,
      4,
      0,
      0
    ],
    [
      3,
      86,
      8,
      10,
      18,
      4
    ],
    [
      5,
      27,
      15,
      2,
      5,
      5
    ],
    [
      0,
      9,
      5,
      5,
      2,
      1
    ],
    [
      2,
      36,
      7,
      4,
      12,
      4
    ],
    [
      1,
      14,
      1,
      4,
      1,
      2
    ]
  ]
}