{
  "model_name": "emotion_deap_muse",
  "dataset": "DEAP-32subj-4ch-muse",
  "accuracy": 0.5130387931034484,
  "f1_macro": 0.46658425538070636,
  "n_samples": 37120,
  "n_features": 84,
  "fold_accuracies": [
    0.5133351293103449,
    0.5087553879310345,
    0.5165678879310345,
    0.5110452586206896,
    0.5154903017241379
  ],
  "per_class": {
    "happy": {
      "support": 6
    },
    "sad": {
      "support": 6
    },
    "angry": {
      "support": 6
    },
    "fearful": {
      "support": 6
    },
    "relaxed": {
      "support": 6
    },
    "focused": {
      "support": 6
    }
  },
  "confusion_matrix": [
    [
      5081,
      1671,
      926,
      361,
      1182,
      320
    ],
    [
      1478,
      6933,
      981,
      387,
      1088,
      298
    ],
    [
      739,
      938,
      2326,
      118,
      491,
      57
    ],
    [
      583,
      616,
      222,
      807,
      370,
      41
    ],
    [
      1350,
      1575,
      748,
      258,
      3261,
      145
    ],
    [
      456,
      350,
      101,
      47,
      179,
      636
    ]
  ],
  "channels": [
    "AF7",
    "AF8",
    "TP9",
    "TP10"
  ],
  "epoch_sec": 4.0,
  "trained_at": "2026-02-18 13:29:08"
}