{
  "XGB-1500-d12-lr03": {
    "accuracy": 0.8817315994936218,
    "accuracy_std": 0.0013278141549571305,
    "f1": 0.8808101573737158,
    "f1_std": 0.001340909140945475,
    "time": 642.0517559051514
  },
  "XGB-2000-d10-lr02": {
    "accuracy": 0.881769165037577,
    "accuracy_std": 0.0015870514527293188,
    "f1": 0.880899462783702,
    "f1_std": 0.0015932493657934525,
    "time": 664.3075530529022
  },
  "XGB-1000-d15-lr05": {
    "accuracy": 0.8824641631777055,
    "accuracy_std": 0.0015803722192433425,
    "f1": 0.8815789756139644,
    "f1_std": 0.0015884472479994083,
    "time": 1204.0768058300018
  },
  "XGB-1500-d10-lr05": {
    "accuracy": 0.8820321367823386,
    "accuracy_std": 0.0016099566012585235,
    "f1": 0.8811946166351472,
    "f1_std": 0.0016235472601920935,
    "time": 509.44691491127014
  },
  "LGBM-2000-d12-lr02": {
    "accuracy": 0.8840920863959958,
    "accuracy_std": 0.0010700910117355026,
    "f1": 0.8836275424233435,
    "f1_std": 0.0010759471051412861,
    "time": 2141.282068967819
  },
  "LGBM-1500-d15-lr03": {
    "accuracy": 0.8840920928645337,
    "accuracy_std": 0.0017467753700100952,
    "f1": 0.8833258136807833,
    "f1_std": 0.0017737053251698552,
    "time": 3709.5952298641205
  },
  "LGBM-2000-d10-lr03": {
    "accuracy": 0.8825768703944512,
    "accuracy_std": 0.0009660529396969611,
    "f1": 0.8821922540814194,
    "f1_std": 0.0009628592072862484,
    "time": 1137.661297082901
  },
  "Vote-XGB+LGBM": {
    "accuracy": 0.883835376391961,
    "accuracy_std": 0.00144994980527483,
    "f1": 0.8831655867682204,
    "f1_std": 0.0014632417238641142,
    "time": 2502.8656141757965
  },
  "Vote-2xXGB+LGBM": {
    "accuracy": 0.8830840310139891,
    "accuracy_std": 0.0013408771512346284,
    "f1": 0.8823109445039302,
    "f1_std": 0.0013535695976891655,
    "time": 2132.6497390270233
  },
  "XGB-1000-ultraclean": {
    "accuracy": 0.9417821633021995,
    "accuracy_std": 0.0011165734999177368,
    "f1": 0.9416663688454843,
    "f1_std": 0.001145045478230943,
    "time": 223.00899195671082
  },
  "LGBM-1500-ultraclean": {
    "accuracy": 0.9423470924977402,
    "accuracy_std": 0.0015809765563041475,
    "f1": 0.9423101529931085,
    "f1_std": 0.0016003410525162957,
    "time": 1776.7199721336365
  }
}