{
  "XGB-500": {
    "accuracy": 0.8744817654383599,
    "accuracy_std": 0.0013597059085670357,
    "f1": 0.8735414694828332,
    "f1_std": 0.0013911925394315997,
    "time": 126.64218974113464
  },
  "XGB-1000": {
    "accuracy": 0.8765793933229287,
    "accuracy_std": 0.0018639599784020684,
    "f1": 0.8756177441628796,
    "f1_std": 0.0018877240909827395,
    "time": 2551.422117948532
  },
  "XGB-1500-deep": {
    "accuracy": 0.8769248813495809,
    "accuracy_std": 0.002258437651057377,
    "f1": 0.8759102508139767,
    "f1_std": 0.0022890456345981596,
    "time": 384.0065178871155
  },
  "LGBM-500": {
    "accuracy": 0.8639196128635224,
    "accuracy_std": 0.00207653404578402,
    "f1": 0.8640451999157296,
    "f1_std": 0.0020710643664147836,
    "time": 187.15362215042114
  },
  "LGBM-1000": {
    "accuracy": 0.8742658461030809,
    "accuracy_std": 0.002066718085766233,
    "f1": 0.8739528087642838,
    "f1_std": 0.002069310831855885,
    "time": 695.6936256885529
  },
  "LGBM-1500-deep": {
    "accuracy": 0.8785844832620112,
    "accuracy_std": 0.0017106464472871415,
    "f1": 0.8780234812321772,
    "f1_std": 0.0017007992724699754,
    "time": 1793.5325338840485
  },
  "ET-1000": {
    "accuracy": 0.6471423524869684,
    "accuracy_std": 0.005070307367804029,
    "f1": 0.6547046755953189,
    "f1_std": 0.004977462372535601,
    "time": 319.67585587501526
  },
  "ET-2000": {
    "accuracy": 0.7362359116255408,
    "accuracy_std": 0.0033160507914117366,
    "f1": 0.741544371078374,
    "f1_std": 0.003097639325129447,
    "time": 648.1810531616211
  },
  "RF-3000": {
    "accuracy": 0.8611309927489511,
    "accuracy_std": 0.0027438204126084462,
    "f1": 0.8603586320028394,
    "f1_std": 0.0027526143597855894,
    "time": 2230.9450800418854
  },
  "RF-2000-deep30": {
    "accuracy": 0.8598168870466788,
    "accuracy_std": 0.0022473505001354686,
    "f1": 0.8585674809357424,
    "f1_std": 0.002291012327543504,
    "time": 1509.9754710197449
  },
  "MLP-256-128": {
    "accuracy": 0.8449299090597604,
    "accuracy_std": 0.0010076366887639906,
    "f1": 0.8445306463262383,
    "f1_std": 0.001108456562824457,
    "time": 1125.6812009811401
  },
  "MLP-512-256-128": {
    "accuracy": 0.8498716766289149,
    "accuracy_std": 0.0007929132824946858,
    "f1": 0.8494779496632979,
    "f1_std": 0.0009509712454200212,
    "time": 195.7495470046997
  },
  "RF-2000-clean": {
    "accuracy": 0.8664604738529809,
    "accuracy_std": 0.002146219245943177,
    "f1": 0.865824873633375,
    "f1_std": 0.002131782736965908,
    "time": 2567.8358011245728
  },
  "XGB-1000-clean": {
    "accuracy": 0.8821824093470232,
    "accuracy_std": 0.0008959875616245074,
    "f1": 0.8813081328952492,
    "f1_std": 0.0009170961616178019,
    "time": 281.77324295043945
  },
  "LGBM-1000-clean": {
    "accuracy": 0.8799095860307634,
    "accuracy_std": 0.0010512599939531077,
    "f1": 0.8796114659896466,
    "f1_std": 0.0010795987339277185,
    "time": 518.2900507450104
  },
  "Vote-RF+XGB+LGBM+ET": {
    "accuracy": 0.8738586534886033,
    "accuracy_std": 0.0026565624951587394,
    "f1": 0.8733237042881576,
    "f1_std": 0.0026624795939844286,
    "time": 1971.8203928470612
  },
  "Vote-RF+XGB+LGBM": {
    "accuracy": 0.8686701221882916,
    "accuracy_std": 0.0029638337538769348,
    "f1": 0.8682445117975626,
    "f1_std": 0.0029628689550604188,
    "time": 458.6720938682556
  }
}