{
  "DEAP": {
    "samples": 1280,
    "features": 38,
    "best_model": "ExtraTrees",
    "best_acc": 0.55546875,
    "best_f1": 0.5346744181007759,
    "all_models": {
      "GBM": {
        "accuracy": 0.58984375,
        "accuracy_std": 0.008907620508587016,
        "f1": 0.5255665365453895,
        "f1_std": 0.01697109726828704,
        "time": 55.59214901924133
      },
      "RF": {
        "accuracy": 0.6078125,
        "accuracy_std": 0.006810779599282302,
        "f1": 0.5340752061915395,
        "f1_std": 0.015340846490611456,
        "time": 1.315850019454956
      },
      "ExtraTrees": {
        "accuracy": 0.55546875,
        "accuracy_std": 0.02722070529716304,
        "f1": 0.5346744181007759,
        "f1_std": 0.029253652610093706,
        "time": 0.8103139400482178
      }
    }
  },
  "GAMEEMO": {
    "samples": 2232,
    "features": 38,
    "best_model": "GBM",
    "best_acc": 0.8525947773397137,
    "best_f1": 0.8502681222095678,
    "all_models": {
      "GBM": {
        "accuracy": 0.8525947773397137,
        "accuracy_std": 0.008251148822512693,
        "f1": 0.8502681222095678,
        "f1_std": 0.00851215244105785,
        "time": 101.05021595954895
      },
      "RF": {
        "accuracy": 0.8216751437084298,
        "accuracy_std": 0.013976553264020017,
        "f1": 0.817218746427052,
        "f1_std": 0.01386194156525234,
        "time": 1.623143196105957
      },
      "ExtraTrees": {
        "accuracy": 0.8181007413649543,
        "accuracy_std": 0.01360594231999898,
        "f1": 0.8156383168745398,
        "f1_std": 0.01438480752505861,
        "time": 0.8217661380767822
      }
    }
  },
  "EEG-ER": {
    "samples": 1800,
    "features": 38,
    "best_model": "GBM",
    "best_acc": 0.8461111111111113,
    "best_f1": 0.8436527035127291,
    "all_models": {
      "GBM": {
        "accuracy": 0.8461111111111113,
        "accuracy_std": 0.024254311058825646,
        "f1": 0.8436527035127291,
        "f1_std": 0.02558909903395638,
        "time": 80.33261179924011
      },
      "RF": {
        "accuracy": 0.791111111111111,
        "accuracy_std": 0.02218051641964125,
        "f1": 0.7853232948742234,
        "f1_std": 0.023214087796893254,
        "time": 1.4814090728759766
      },
      "ExtraTrees": {
        "accuracy": 0.8066666666666666,
        "accuracy_std": 0.020533020680640373,
        "f1": 0.8038356839202182,
        "f1_std": 0.020777447433006826,
        "time": 0.8290362358093262
      }
    }
  },
  "DENS": {
    "samples": 1095,
    "features": 38,
    "best_model": "RF",
    "best_acc": 0.4703196347031963,
    "best_f1": 0.4617926882440605,
    "all_models": {
      "GBM": {
        "accuracy": 0.4511415525114155,
        "accuracy_std": 0.03385160363990984,
        "f1": 0.44503455250550755,
        "f1_std": 0.03364543970321086,
        "time": 41.671947956085205
      },
      "RF": {
        "accuracy": 0.4703196347031963,
        "accuracy_std": 0.03202863546438389,
        "f1": 0.4617926882440605,
        "f1_std": 0.03178797080394315,
        "time": 1.1561610698699951
      },
      "ExtraTrees": {
        "accuracy": 0.42648401826484017,
        "accuracy_std": 0.024092978919219944,
        "f1": 0.4227795486358893,
        "f1_std": 0.025133666373224738,
        "time": 0.7752251625061035
      }
    }
  },
  "SEED": {
    "samples": 50910,
    "features": 43,
    "best_model": "RF",
    "best_acc": 1.0,
    "best_f1": 1.0,
    "all_models": {
      "RF": {
        "accuracy": 1.0,
        "accuracy_std": 0.0,
        "f1": 1.0,
        "f1_std": 0.0,
        "time": 47.70484781265259
      },
      "ExtraTrees": {
        "accuracy": 1.0,
        "accuracy_std": 0.0,
        "f1": 1.0,
        "f1_std": 0.0,
        "time": 5.623384237289429
      },
      "GBM-lite": {
        "accuracy": 1.0,
        "accuracy_std": 0.0,
        "f1": 1.0,
        "f1_std": 0.0,
        "time": 451.18948125839233
      }
    }
  },
  "Brainwave": {
    "samples": 2132,
    "features": 80,
    "best_model": "GBM",
    "best_acc": 0.9671636375630834,
    "best_f1": 0.9669958093918162,
    "all_models": {
      "GBM": {
        "accuracy": 0.9671636375630834,
        "accuracy_std": 0.008907032488972049,
        "f1": 0.9669958093918162,
        "f1_std": 0.009061083572627329,
        "time": 148.40468788146973
      },
      "RF": {
        "accuracy": 0.9526228408703588,
        "accuracy_std": 0.009781373572714941,
        "f1": 0.9524536051931045,
        "f1_std": 0.009890474715664491,
        "time": 1.6669771671295166
      },
      "ExtraTrees": {
        "accuracy": 0.9179107431474091,
        "accuracy_std": 0.014032459351463042,
        "f1": 0.9171855346122255,
        "f1_std": 0.01409831840338264,
        "time": 0.8510489463806152
      }
    }
  },
  "Muse-Mental": {
    "samples": 2479,
    "features": 80,
    "best_model": "GBM",
    "best_acc": 0.9580522971652006,
    "best_f1": 0.9579510184726596,
    "all_models": {
      "GBM": {
        "accuracy": 0.9580522971652006,
        "accuracy_std": 0.0077797097755900315,
        "f1": 0.9579510184726596,
        "f1_std": 0.007895490495907508,
        "time": 178.2688341140747
      },
      "RF": {
        "accuracy": 0.9467611599869663,
        "accuracy_std": 0.012639971798420675,
        "f1": 0.9464236805392489,
        "f1_std": 0.012808996536608278,
        "time": 1.8491981029510498
      },
      "ExtraTrees": {
        "accuracy": 0.9395014662756598,
        "accuracy_std": 0.01451412202127115,
        "f1": 0.9388643755048502,
        "f1_std": 0.014779597782459838,
        "time": 0.8759732246398926
      }
    }
  },
  "Muse2-MI": {
    "samples": 3000,
    "features": 80,
    "best_model": "GBM",
    "best_acc": 0.6663333333333334,
    "best_f1": 0.651682873593114,
    "all_models": {
      "GBM": {
        "accuracy": 0.6663333333333334,
        "accuracy_std": 0.01571976816340216,
        "f1": 0.651682873593114,
        "f1_std": 0.019381700616404852,
        "time": 288.96261501312256
      },
      "RF": {
        "accuracy": 0.6426666666666667,
        "accuracy_std": 0.013564659966250526,
        "f1": 0.6046489768881235,
        "f1_std": 0.012485083876318522,
        "time": 2.374722957611084
      },
      "ExtraTrees": {
        "accuracy": 0.6483333333333332,
        "accuracy_std": 0.01725623880739304,
        "f1": 0.6288902823232624,
        "f1_std": 0.019333306958173438,
        "time": 0.9626679420471191
      }
    }
  },
  "Confused-Student": {
    "samples": 12811,
    "features": 10,
    "best_model": "RF",
    "best_acc": 0.6605261995679219,
    "best_f1": 0.6604722582240508,
    "all_models": {
      "GBM": {
        "accuracy": 0.6495980906450194,
        "accuracy_std": 0.005180089887873116,
        "f1": 0.6492139795511581,
        "f1_std": 0.005214331326076409,
        "time": 57.81489300727844
      },
      "RF": {
        "accuracy": 0.6605261995679219,
        "accuracy_std": 0.007658061462625348,
        "f1": 0.6604722582240508,
        "f1_std": 0.0076265113601734266,
        "time": 4.13236403465271
      },
      "ExtraTrees": {
        "accuracy": 0.6287558521358564,
        "accuracy_std": 0.009007854044251707,
        "f1": 0.6284646951611331,
        "f1_std": 0.008919162837525862,
        "time": 1.2521471977233887
      }
    }
  },
  "Muse-Subconscious": {
    "samples": 22821,
    "features": 80,
    "best_model": "GBM-lite",
    "best_acc": 0.9486436447727009,
    "best_f1": 0.9479659514813903,
    "all_models": {
      "RF": {
        "accuracy": 0.9418515780915071,
        "accuracy_std": 0.0037641414091370853,
        "f1": 0.9420884506891183,
        "f1_std": 0.0037100643628792214,
        "time": 18.254028797149658
      },
      "ExtraTrees": {
        "accuracy": 0.9214318352207332,
        "accuracy_std": 0.004558222180473539,
        "f1": 0.924732769153749,
        "f1_std": 0.004134195016513407,
        "time": 3.7836861610412598
      },