{
  "nn_results": {
    "MLP-compact-smooth-mixup": {
      "accuracy": 0.8621422115094909,
      "f1": 0.8631585187181079,
      "time": 184.07252311706543,
      "per_fold_acc": [
        0.8580897860801446,
        0.8656221753540223,
        0.8605001506477855,
        0.86452997890931,
        0.8619689665561916
      ]
    },
    "MLP-compact-baseline": {
      "accuracy": 0.8734106658632118,
      "f1": 0.8743109978090923,
      "time": 187.5846071243286,
      "per_fold_acc": [
        0.871120819523953,
        0.8685221452244652,
        0.8741337752335041,
        0.8789545043687857,
        0.874322084965351
      ]
    },
    "MLP-residual-smooth-mixup": {
      "accuracy": 0.9247966254896053,
      "f1": 0.9252504833675413,
      "time": 567.3881139755249,
      "per_fold_acc": [
        0.9230189816209702,
        0.9246761072612233,
        0.9259566134377825,
        0.9255423320277192,
        0.9247890931003314
      ]
    },
    "MLP-residual-smooth0.2-mixup": {
      "accuracy": 0.9213995179270865,
      "f1": 0.9218808384593598,
      "time": 574.9614260196686,
      "per_fold_acc": [
        0.9177839710756251,
        0.9209852365170232,
        0.92426182585116,
        0.921550165712564,
        0.92241639047906
      ]
    },
    "MLP-residual-lr0.003": {
      "accuracy": 0.9311313648689366,
      "f1": 0.9315611475981799,
      "time": 546.3184781074524,
      "per_fold_acc": [
        0.9311163000903887,
        0.9305137089484784,
        0.932698101837903,
        0.930852666465803,
        0.9304760470021091
      ]
    }
  },
  "lgbm_reference": {
    "LGBM-1500-aware": {
      "accuracy": 0.9442,
      "f1": 0.9442,
      "time": 907.1,
      "model_size_MB": 102.4
    },
    "LGBM-500-fast": {
      "accuracy": 0.9392,
      "f1": 0.9394,
      "time": 137.9,
      "model_size_MB": 34
    }
  },
  "model_sizes": {
    "EfficientMLP": "254 KB",
    "ResidualMLP": "2500 KB",
    "LightGBM-1500": "102,400 KB",
    "LightGBM-500": "~35,000 KB"
  },
  "datasets": 8,
  "samples": 132760,
  "features": 88
}