{
  "timestamp": "2026-02-26 14:24:37",
  "total_time_sec": 390.1,
  "models": [
    {
      "model_name": "stress",
      "model_type": "LightGBM",
      "cv_accuracy": 0.5963888888888889,
      "cv_std": 0.0035063141164373432,
      "test_accuracy": 0.5884259259259259,
      "n_samples": 10800,
      "n_classes": 4,
      "model_size_mb": 17.3
    },
    {
      "model_name": "attention",
      "model_type": "LightGBM",
      "cv_accuracy": 0.6387037037037036,
      "cv_std": 0.0043192236258113165,
      "test_accuracy": 0.6203703703703703,
      "n_samples": 10800,
      "n_classes": 4,
      "model_size_mb": 17.1
    }
  ]
}